,ip_of_baseCid,ip,sd_income,click,show,ctr,ecpm
0,23号牛乃唐,23号牛乃唐,392.0,3091.0,37694.0,0.08200244070674378,0.010399533082188146
1,Hello Kitty,Hello Kitty,0.0,46.0,1762.0,0.026106696935300794,0.0
2,RunFox,RunFox,0.0,0.0,110.0,0.0,0.0
3,kiki玩具,kiki玩具,14.0,8747.0,107412.0,0.081434104196924,0.0001303392544594645
4,一禅和尚,一禅和尚,0.0,2.0,832.0,0.002403846153846154,0.0
5,丹尼尔和邻居们,丹尼尔和邻居们,0.0,18.0,1038.0,0.017341040462427744,0.0
6,乐乐熊,乐乐熊,0.0,0.0,5.0,0.0,0.0
7,乐悠悠快乐英语,乐悠悠快乐英语,0.0,11.0,230.0,0.04782608695652174,0.0
8,乐高,乐高,0.0,78.0,3154.0,0.024730500951173115,0.0
9,亲宝,亲宝,532.0,5649.0,146291.0,0.03861481567560547,0.0036365873498711474
10,亲宝儿歌,亲宝儿歌,0.0,98.0,9973.0,0.009826531635415622,0.0
11,会说话的安吉拉,会说话的安吉拉,0.0,416.0,3385.0,0.12289512555391433,0.0
12,会说话的汤姆猫,会说话的汤姆猫,639.5,17014.0,323589.0,0.05257904316895815,0.001976272370197998
13,伶可家族,伶可家族,0.0,315.0,6064.0,0.051945910290237464,0.0
14,伶可家族（小伶玩具）,伶可家族（小伶玩具）,0.0,2550.0,40933.0,0.06229692424205409,0.0
15,佐罗小子,佐罗小子,0.0,18751.0,270757.0,0.06925398050650583,0.0
16,倒霉蛋涂涂,倒霉蛋涂涂,0.0,3539.0,31885.0,0.11099262976321154,0.0
17,僵小鱼,僵小鱼,0.0,910.0,8247.0,0.11034315508669819,0.0
18,元气食堂,元气食堂,0.0,38.0,1000.0,0.038,0.0
19,兔八哥,兔八哥,0.0,11.0,74.0,0.14864864864864866,0.0
20,兔小贝,兔小贝,302.2,4364.0,467429.0,0.00933617725900618,0.0006465152996497864
21,全能宝贝,全能宝贝,14.0,443.0,35267.0,0.012561317945955143,0.0003969716732356027
22,凯利和朋友们,凯利和朋友们,0.0,793.0,11303.0,0.0701583650358312,0.0
23,动物兄弟,动物兄弟,0.0,1725.0,24781.0,0.06960978168758324,0.0
24,十万个为什么,十万个为什么,0.0,2.0,345.0,0.005797101449275362,0.0
25,变形警车珀利,变形警车珀利,7.0,6389.0,114195.0,0.05594815885108805,6.129865580804763e-05
26,变形金刚,变形金刚,0.0,0.0,4.0,0.0,0.0
27,可可小爱,可可小爱,0.0,390.0,5592.0,0.06974248927038626,0.0
28,史努比,史努比,0.0,2.0,68.0,0.029411764705882353,0.0
29,名侦探柯南,名侦探柯南,0.0,1770.0,83392.0,0.02122505755947813,0.0
30,咕力咕力,咕力咕力,182.0,1269.0,58880.0,0.021552309782608695,0.003091032608695652
31,咖宝车神,咖宝车神,0.0,2548.0,59857.0,0.04256812068763887,0.0
32,咚咚玩具屋,咚咚玩具屋,14.0,9409.0,225685.0,0.04169085229412677,6.203336508850831e-05
33,咪咪猫,咪咪猫,0.0,0.0,295.0,0.0,0.0
34,咪好一家,咪好一家,921.48,8054.0,110854.0,0.07265412163746911,0.008312555252855108
35,咱们裸熊,咱们裸熊,0.0,72.0,5532.0,0.013015184381778741,0.0
36,哆啦A梦,哆啦A梦,300.0,938.0,26270.0,0.035706128663875146,0.011419870574800152
37,哈哈熊,哈哈熊,0.0,21.0,875.0,0.024,0.0
38,啵乐乐,啵乐乐,0.0,0.0,91.0,0.0,0.0
39,喜羊羊与灰太狼,喜羊羊与灰太狼,2988.1,24951.0,777840.0,0.032077290959580375,0.003841535534300113
40,嗡嗡蜂巴帝,嗡嗡蜂巴帝,0.0,18.0,1581.0,0.011385199240986717,0.0
41,嗨，顾得白,嗨，顾得白,0.0,20.0,361.0,0.055401662049861494,0.0
42,嘻哈冒险岛,嘻哈冒险岛,0.0,16.0,418.0,0.03827751196172249,0.0
43,土豆侠,土豆侠,0.0,3.0,117.0,0.02564102564102564,0.0
44,大力水手,大力水手,0.0,163.0,5340.0,0.03052434456928839,0.0
45,大头儿子和小头爸爸,大头儿子和小头爸爸,0.0,302.0,6841.0,0.04414559274959801,0.0
46,大头儿子小头爸爸,大头儿子小头爸爸,0.0,1018.0,28400.0,0.03584507042253521,0.0
47,大鼻孔,大鼻孔,0.0,5795.0,92407.0,0.06271169933013733,0.0
48,天天练舞功,天天练舞功,0.0,367.0,24287.0,0.015110964713632808,0.0
49,天线宝宝,天线宝宝,252.0,1242.0,62741.0,0.019795667904560017,0.004016512328461452
50,奇奇和凯迪,奇奇和凯迪,0.0,12.0,196.0,0.061224489795918366,0.0
51,奇妙大冒险,奇妙大冒险,0.0,7.0,121.0,0.05785123966942149,0.0
52,奇妙的动物,奇妙的动物,0.0,0.0,18.0,0.0,0.0
53,奥特曼,奥特曼,17532.43,237690.0,9862099.0,0.024101360166836696,0.001777758467036277
54,奶龙、飞狗moco等,奶龙、飞狗moco等,11098.08,467282.0,8325522.0,0.056126450689818606,0.0013330191188011995
55,好奇心公寓,好奇心公寓,0.0,6.0,188.0,0.031914893617021274,0.0
56,如果历史是一群喵,如果历史是一群喵,0.0,138.0,3665.0,0.03765347885402456,0.0
57,孙悟空,孙悟空,0.0,45.0,1769.0,0.025438100621820236,0.0
58,宇宙护卫队,宇宙护卫队,291.0,7786.0,209520.0,0.03716113020236732,0.001388888888888889
59,宝宝巴士,宝宝巴士,3246.46,34058.0,3210981.0,0.010606727352170567,0.001011049271235177
60,小P优优,小P优优,7.0,1164.0,32319.0,0.03601596584052724,0.00021659085986571366
61,小主人,小主人,0.0,0.0,2.0,0.0,0.0
62,小伴龙,小伴龙,0.0,483.0,11033.0,0.043777757636182364,0.0
63,小公交车太友,小公交车太友,3369.0,16266.0,275210.0,0.059103956978307476,0.012241560989789615
64,小品一家人,小品一家人,0.0,5287.0,106237.0,0.04976608902736335,0.0
65,小布点乐园,小布点乐园,0.0,1844.0,26955.0,0.06841031348543869,0.0
66,小怪兽茉莉,小怪兽茉莉,0.0,0.0,11.0,0.0,0.0
67,小熊嘟拉,小熊嘟拉,0.0,53.0,3708.0,0.014293419633225458,0.0
68,小狮子一家,小狮子一家,0.0,696.0,5962.0,0.11673934921167393,0.0
69,小狼帕克,小狼帕克,0.0,138.0,2121.0,0.06506364922206506,0.0
70,小猪佩奇,小猪佩奇,10348.37,189469.0,6271728.0,0.030210015485365435,0.0016500029975789767
71,小瑞与大魔王,小瑞与大魔王,0.0,0.0,16.0,0.0,0.0
72,小花仙,小花仙,0.0,2768.0,50545.0,0.05476308240182016,0.0
73,小鸡彩虹,小鸡彩虹,0.0,1180.0,32012.0,0.03686117705860303,0.0
74,小鹿问问,小鹿问问,0.0,0.0,1.0,0.0,0.0
75,小鼠乒乓,小鼠乒乓,0.0,24.0,823.0,0.02916160388821385,0.0
76,工程车探险小队,工程车探险小队,0.0,498.0,28426.0,0.01751917258847534,0.0
77,巴啦啦小魔仙,巴啦啦小魔仙,1420.0,11734.0,434361.0,0.027014395859665117,0.003269170114259798
78,巴塔木,巴塔木,0.0,1729.0,75957.0,0.022762878997327436,0.0
79,巴布,巴布,0.0,48.0,3027.0,0.015857284440039643,0.0
80,巴布工程师,巴布工程师,0.0,74.0,3192.0,0.023182957393483708,0.0
81,帮帮龙,帮帮龙,1371.86,13010.0,384099.0,0.03387147584346744,0.003571631272145983
82,开心宝贝,开心宝贝,0.0,35.0,4292.0,0.008154706430568499,0.0
83,开心超人,开心超人,392.0,8270.0,144709.0,0.057149175241346425,0.002708884727280266
84,彩虹宝宝,彩虹宝宝,821.24,10127.0,495302.0,0.02044611166520628,0.0016580591235246375
85,心奇,心奇,0.0,1608.0,32883.0,0.0489006477511176,0.0
86,心奇爆龙战车,心奇爆龙战车,631.82,18360.0,300757.0,0.06104596069251921,0.002100765734463371
87,忍者龟,忍者龟,0.0,218.0,4200.0,0.051904761904761905,0.0
88,快乐星猫,快乐星猫,0.0,19.0,837.0,0.022700119474313024,0.0
89,快乐熊猫,快乐熊猫,0.0,0.0,12.0,0.0,0.0
90,怪物卡车,怪物卡车,0.0,329.0,10179.0,0.03232144611454956,0.0
91,憨豆先生,憨豆先生,45.0,10228.0,224956.0,0.045466669037500664,0.00020003911876100214
92,托宝兄弟,托宝兄弟,0.0,783.0,7382.0,0.10606881603901382,0.0
93,托马斯,托马斯,0.0,0.0,12.0,0.0,0.0
94,托马斯小火车,托马斯小火车,546.0,10364.0,221711.0,0.04674553811042303,0.0024626653616645093
95,拇指总动员,拇指总动员,0.0,0.0,4.0,0.0,0.0
96,摩尔庄园,摩尔庄园,0.0,10.0,328.0,0.03048780487804878,0.0
97,斯拉格精灵,斯拉格精灵,14.0,122.0,2340.0,0.05213675213675214,0.005982905982905983
98,方块熊,方块熊,0.0,100.0,8209.0,0.012181751735899622,0.0
99,星星牧场,星星牧场,0.0,0.0,117.0,0.0,0.0
100,星际特工队,星际特工队,0.0,6.0,61.0,0.09836065573770492,0.0
101,木木熊,木木熊,0.0,0.0,6.0,0.0,0.0
102,果宝特攻,果宝特攻,0.0,347.0,6008.0,0.05775632490013315,0.0
103,校园搞怪王,校园搞怪王,0.0,4.0,1216.0,0.003289473684210526,0.0
104,格林童话,格林童话,0.0,12.0,517.0,0.02321083172147002,0.0
105,植物大战僵尸,植物大战僵尸,0.0,3414.0,84089.0,0.04059984064503086,0.0
106,樱桃来了,樱桃来了,0.0,15.0,351.0,0.042735042735042736,0.0
107,水木,水木,0.0,0.0,11.0,0.0,0.0
108,水木儿童成长剧场,水木儿童成长剧场,0.0,0.0,21.0,0.0,0.0
109,水木天天故事会,水木天天故事会,0.0,0.0,8.0,0.0,0.0
110,水木宝宝看世界,水木宝宝看世界,0.0,1.0,124.0,0.008064516129032258,0.0
111,水木幼教,水木幼教,0.0,1.0,66.0,0.015151515151515152,0.0
112,水木开心学园,水木开心学园,0.0,0.0,7.0,0.0,0.0
113,汤姆与杰利,汤姆与杰利,14.0,3039.0,46047.0,0.06599778487197863,0.0003040371794036528
114,汪汪队,汪汪队,14308.3,212938.0,10770213.0,0.019771011028287,0.0013285066878435923
115,汽车世界,汽车世界,3656.32,23046.0,1496587.0,0.015399037944336013,0.0024431055461526796
116,汽车和金刚朋友们的冒险,汽车和金刚朋友们的冒险,0.0,1358.0,26535.0,0.05117768984360279,0.0
117,汽车城,汽车城,0.0,3589.0,102676.0,0.03495461451556352,0.0
118,汽车小镇,汽车小镇,0.0,632.0,16273.0,0.03883733792171081,0.0
119,沃土,沃土,0.0,0.0,7.0,0.0,0.0
120,海底小纵队,海底小纵队,190.4,4419.0,200479.0,0.02204220890966136,0.0009497254076486814
121,海绵宝宝,海绵宝宝,3095.72,28500.0,730922.0,0.03899184865142929,0.004235363007270269
122,涂涂,涂涂,0.0,6778.0,82304.0,0.08235322706065319,0.0
123,游戏人生ZERO,游戏人生ZERO,0.0,1.0,66.0,0.015151515151515152,0.0
124,潜艇总动员,潜艇总动员,0.0,18.0,289.0,0.06228373702422145,0.0
125,火火兔,火火兔,0.0,677.0,20290.0,0.03336619024149828,0.0
126,火车小镇,火车小镇,0.0,164.0,2247.0,0.07298620382732532,0.0
127,灰姑娘,灰姑娘,0.0,245.0,4355.0,0.05625717566016074,0.0
128,熊出没,熊出没,349.3,4461.0,640094.0,0.006969288885694914,0.0005457011001509153
129,爆笑哈哈镇,爆笑哈哈镇,0.0,310.0,5478.0,0.056589996349032494,0.0
130,爆裂兄弟,爆裂兄弟,0.0,417.0,2285.0,0.1824945295404814,0.0
131,爆裂飞车,爆裂飞车,0.0,520.0,9729.0,0.05344845307842533,0.0
132,爱探险的朵拉,爱探险的朵拉,600.6,6907.0,139834.0,0.049394281791266786,0.004295092752835505
133,猪屁登,猪屁登,14.0,15871.0,234996.0,0.06753731978416654,5.957548213586614e-05
134,猪猪侠,猪猪侠,275.24,45314.0,1347145.0,0.03363706208314621,0.00020431356683950133
135,猫和老鼠,猫和老鼠,2545.0,42891.0,1515146.0,0.02830816304171347,0.0016797061141302554
136,猫小帅,猫小帅,247.0,6078.0,91918.0,0.06612415413738332,0.0026871777018647055
137,玩具口袋,玩具口袋,0.0,25.0,684.0,0.03654970760233918,0.0
138,玩具欢乐秀,玩具欢乐秀,0.0,2081.0,26408.0,0.0788018782187216,0.0
139,瑞奇冲冲冲,瑞奇冲冲冲,0.0,259.0,3203.0,0.08086169216359662,0.0
140,瑞奇宝宝,瑞奇宝宝,0.0,2321.0,49416.0,0.04696859316820463,0.0
141,甜甜圈宝贝,甜甜圈宝贝,0.0,0.0,72.0,0.0,0.0
142,疯狂小糖,疯狂小糖,0.0,1670.0,26417.0,0.06321686792595677,0.0
143,疯狂的兔子,疯狂的兔子,0.0,193.0,2233.0,0.0864308105687416,0.0
144,白雪公主,白雪公主,0.0,18.0,440.0,0.04090909090909091,0.0
145,白雪玩具屋,白雪玩具屋,0.0,41.0,2274.0,0.01802990325417766,0.0
146,百变布鲁可,百变布鲁可,0.0,6261.0,97316.0,0.06433679970405688,0.0
147,百变校巴,百变校巴,392.0,15471.0,334277.0,0.04628197572671766,0.0011726801425165356
148,百变马丁,百变马丁,0.0,2469.0,75167.0,0.03284686098952998,0.0
149,益智宝贝,益智宝贝,348.0,4670.0,314060.0,0.014869770107622747,0.0011080685219384831
150,睡衣小英雄,睡衣小英雄,0.0,11705.0,226622.0,0.05164988394771911,0.0
151,知知鸟,知知鸟,0.0,176.0,3309.0,0.05318827440314294,0.0
152,碰碰狐,碰碰狐,6138.52,41154.0,1597853.0,0.025755811078991622,0.003841730121606932
153,神兽金刚,神兽金刚,826.0,3662.0,60487.0,0.06054193463058178,0.013655826871889827
154,神秘世界历险记,神秘世界历险记,0.0,16.0,232.0,0.06896551724137931,0.0
155,神秘黄金城,神秘黄金城,0.0,0.0,4.0,0.0,0.0
156,福锅囍眉,福锅囍眉,0.0,0.0,22.0,0.0,0.0
157,米卡,米卡,0.0,0.0,21.0,0.0,0.0
158,米奇,米奇,0.0,11.0,242.0,0.045454545454545456,0.0
159,米菲,米菲,0.0,0.0,46.0,0.0,0.0
160,精灵梦叶罗丽,精灵梦叶罗丽,2004.02,36126.0,681751.0,0.05299002128343046,0.002939518973936232
161,纯纯贝贝,纯纯贝贝,0.0,0.0,15.0,0.0,0.0
162,网球王子,网球王子,0.0,33.0,1744.0,0.018922018348623854,0.0
163,肥志,肥志,0.0,5.0,139.0,0.03597122302158273,0.0
164,舒克贝塔,舒克贝塔,0.0,3478.0,67692.0,0.05137977899899545,0.0
165,艾利亚斯,艾利亚斯,0.0,203.0,4632.0,0.043825561312607945,0.0
166,艾米咕噜,艾米咕噜,0.0,55.0,918.0,0.05991285403050109,0.0
167,芭比,芭比,2821.18,13617.0,576054.0,0.023638408899165703,0.0048974228110559076
168,花园宝宝,花园宝宝,0.0,600.0,35902.0,0.016712160882402096,0.0
169,花样卡通画,花样卡通画,0.0,2960.0,48866.0,0.060573814103875905,0.0
170,茁贝儿歌,茁贝儿歌,14.0,2745.0,316538.0,0.008671944600648263,4.422849705248659e-05
171,菲利克斯,菲利克斯,0.0,0.0,59.0,0.0,0.0
172,萌浪兔,萌浪兔,0.0,752.0,11828.0,0.0635779506256341,0.0
173,萌牙兔,萌牙兔,7.0,6.0,150.0,0.04,0.04666666666666667
174,萌鸡小队,萌鸡小队,1998.0,9748.0,367025.0,0.026559498671752606,0.00544377086029562
175,葫芦娃,葫芦娃,0.0,1293.0,17846.0,0.0724532108035414,0.0
176,薇伊宝贝手工,薇伊宝贝手工,0.0,0.0,97.0,0.0,0.0
177,薇薇,薇薇,0.0,1.0,106.0,0.009433962264150943,0.0
178,虎多多,虎多多,0.0,0.0,1.0,0.0,0.0
179,虹猫蓝兔,虹猫蓝兔,0.0,59.0,2522.0,0.023394131641554322,0.0
180,蛋计划,蛋计划,0.0,71.0,2452.0,0.02895595432300163,0.0
181,蜡笔小新,蜡笔小新,0.0,469.0,13402.0,0.034994776898970306,0.0
182,螺丝钉,螺丝钉,0.0,1667.0,57616.0,0.02893293529575118,0.0
183,西游记,西游记,0.0,24.0,209.0,0.11483253588516747,0.0
184,贝乐虎,贝乐虎,2796.32,23489.0,1728820.0,0.013586723892597264,0.0016174731898057635
185,贝瓦,贝瓦,0.0,20.0,1672.0,0.011961722488038277,0.0
186,贝肯熊,贝肯熊,392.0,7359.0,129863.0,0.056667411040866145,0.0030185657192579873
187,贝蒂娃娃,贝蒂娃娃,0.0,57.0,2114.0,0.02696310312204352,0.0
188,赛尔号,赛尔号,0.0,364.0,7510.0,0.04846870838881491,0.0
189,起司公主,起司公主,0.0,218.0,30933.0,0.007047489735880774,0.0
190,超级宝贝JoJo,超级宝贝JoJo,8421.14,157513.0,6427168.0,0.024507372453933054,0.0013102411513126776
191,超级飞侠,超级飞侠,190.0,843.0,68438.0,0.012317718226716151,0.00277623542476402
192,超能玩具白白侠,超能玩具白白侠,0.0,12.0,510.0,0.023529411764705882,0.0
193,超迷你战士,超迷你战士,4130.0,23007.0,363503.0,0.06329246251062577,0.011361666891332396
194,趣盒子,趣盒子,0.0,4198.0,122655.0,0.034226081284904813,0.0
195,跟着玩具去学习,跟着玩具去学习,0.0,1.0,292.0,0.003424657534246575,0.0
196,跳跳鱼世界,跳跳鱼世界,7.0,4039.0,55471.0,0.0728128211137351,0.00012619206432189792
197,迷你小洞,迷你小洞,3557.82,11544.0,236901.0,0.04872921600162093,0.015018172147859233
198,迷你特工队,迷你特工队,4980.22,59491.0,1723819.0,0.03451116387509361,0.002889062018692218
199,逗逗虎,逗逗虎,0.0,0.0,17.0,0.0,0.0
200,逗逗迪迪,逗逗迪迪,0.0,610.0,13031.0,0.0468114496201366,0.0
201,道奇,道奇,0.0,2765.0,40565.0,0.06816220880069025,0.0
202,金刚山猫侠,金刚山猫侠,0.0,4.0,184.0,0.021739130434782608,0.0
203,钢铁飞龙,钢铁飞龙,0.0,1281.0,22720.0,0.05638204225352113,0.0
204,阿U,阿U,0.0,827.0,16180.0,0.051112484548825714,0.0
205,阿古顿巴,阿古顿巴,0.0,1.0,30.0,0.03333333333333333,0.0
206,阿狸,阿狸,0.0,1.0,48.0,0.020833333333333332,0.0
207,阿衰,阿衰,392.0,1553.0,43076.0,0.036052558269105764,0.009100195004178661
208,阿贡,阿贡,0.0,713.0,9561.0,0.07457378935257818,0.0
209,阿里巴巴,阿里巴巴,0.0,5.0,126.0,0.03968253968253968,0.0
210,零捌学糖,零捌学糖,0.0,1.0,6.0,0.16666666666666666,0.0
211,飞天小女警,飞天小女警,0.0,1.0,31.0,0.03225806451612903,0.0
212,飞狗moco,飞狗moco,0.0,460.0,11953.0,0.03848406257843219,0.0
213,魔仙俏娇娃,魔仙俏娇娃,0.0,1911.0,60294.0,0.03169469598965071,0.0
214,魔幻陀螺,魔幻陀螺,0.0,1135.0,17405.0,0.0652111462223499,0.0
215,鸟宝宝啾啾啾,鸟宝宝啾啾啾,0.0,3.0,78.0,0.038461538461538464,0.0
216,麦圈可可,麦圈可可,0.0,0.0,6.0,0.0,0.0
217,鼠来宝,鼠来宝,0.0,13.0,358.0,0.036312849162011177,0.0
218,,非-,0.0,0.0,21.0,0.0,0.0
219,23号牛乃唐,非-23号牛乃唐,0.0,1525.0,66809.0,0.18508006963020887,0.0
220,Hello Kitty,非-Hello Kitty,0.0,20.0,2147.0,0.2117545921347605,0.0
221,RunFox,非-RunFox,0.0,0.0,4.0,0.0,0.0
222,kiki玩具,非-kiki玩具,0.0,528.0,11518.0,0.45286620428944757,0.0
223,一禅和尚,非-一禅和尚,0.0,28.0,800.0,0.5520231213872833,0.0
224,丁丁历险记,非-丁丁历险记,0.0,0.0,237.0,0.0,0.0
225,三只松鼠,非-三只松鼠,0.0,0.0,554.0,0.0,0.0
226,丑小鸭,非-丑小鸭,0.0,0.0,49.0,0.0,0.0
227,东北一家人,非-东北一家人,0.0,0.0,10.0,0.0,0.0
228,东方可儿,非-东方可儿,0.0,0.0,18.0,0.0,0.0
229,丹尼尔和邻居们,非-丹尼尔和邻居们,0.0,3.0,720.0,0.012616359675183205,0.0
230,乐乐熊,非-乐乐熊,0.0,0.0,5.0,0.0,0.0
231,乐乐虎,非-乐乐虎,0.0,11.0,265.0,1.0783391405342626,0.0
232,乐悠悠快乐英语,非-乐悠悠快乐英语,0.0,2.0,24.0,1.25,0.0
233,乐高,非-乐高,0.0,20.0,3204.0,0.09075288707985665,0.0
234,九藏喵窝,非-九藏喵窝,0.0,0.0,14.0,0.0,0.0
235,亲宝,非-亲宝,336.0,2445.0,46713.0,1.335240754505599,0.04568320870156356
236,亲宝儿歌,非-亲宝儿歌,0.0,81.0,27258.0,0.041899638812994494,0.0
237,会说话的安吉拉,非-会说话的安吉拉,0.0,1016.0,16434.0,0.421462796474208,0.0
238,会说话的汤姆猫,非-会说话的汤姆猫,1554.0,10508.0,149699.0,0.7228157951309199,0.01565522243713733
239,伶可兄弟,非-伶可兄弟,0.0,4.0,6603.0,0.008006090164956032,0.0
240,伶可家族,非-伶可家族,0.0,1137.0,14561.0,1.10390223755203,0.0
241,伶可家族（小伶玩具）,非-伶可家族（小伶玩具）,0.0,1076.0,28163.0,0.35440426481981535,0.0
242,佐罗小子,非-佐罗小子,0.0,4588.0,80500.0,0.4271005350688088,0.0
243,倒霉蛋涂涂,非-倒霉蛋涂涂,0.0,6097.0,90943.0,0.47668064704972757,0.0
244,假面骑士,非-假面骑士,0.0,0.0,9.0,0.0,0.0
245,僵小鱼,非-僵小鱼,391.86,753.0,19909.0,0.529336925575817,0.0850390625
246,元气食堂,非-元气食堂,0.0,5.0,1005.0,0.0353362345809876,0.0
247,兔八哥,非-兔八哥,0.0,2.0,243.0,0.015873015873015872,0.0
248,兔小蛋,非-兔小蛋,0.0,0.0,39.0,0.0,0.0
249,兔小贝,非-兔小贝,13.0,1026.0,164251.0,0.7325789450244928,0.00025402532437079884
250,全能宝贝,非-全能宝贝,0.0,55.0,17538.0,0.11602527023017697,0.0
251,冰雪女王,非-冰雪女王,0.0,0.0,1163.0,0.0,0.0
252,凯利和朋友们,非-凯利和朋友们,0.0,2.0,38.0,1.2,0.0
253,凯蒂猫,非-凯蒂猫,0.0,1.0,95.0,0.019230769230769232,0.0
254,凹凸世界,非-凹凸世界,0.0,13.0,7605.0,0.01640503999318147,0.0
255,加菲猫,非-加菲猫,0.0,0.0,721.0,0.0,0.0
256,动物兄弟,非-动物兄弟,0.0,541.0,54155.0,0.10885494678911854,0.0
257,匹诺曹,非-匹诺曹,0.0,0.0,9.0,0.0,0.0
258,十万个为什么,非-十万个为什么,0.0,4.0,144.0,1.2571428571428571,0.0
259,变形警车珀利,非-变形警车珀利,0.0,887.0,32184.0,0.6767487681989285,0.0
260,变形金刚,非-变形金刚,0.0,11.0,260.0,0.046610169491525424,0.0
261,口袋森林,非-口袋森林,0.0,0.0,4.0,0.0,0.0
262,可可小爱,非-可可小爱,0.0,31.0,719.0,0.7542035612422775,0.0
263,史努比,非-史努比,0.0,0.0,171.0,0.0,0.0
264,名侦探柯南,非-名侦探柯南,0.0,45.0,13159.0,0.156108934211875,0.0
265,咕力咕力,非-咕力咕力,0.0,149.0,17371.0,0.27744374641803543,0.0
266,咖宝车神,非-咖宝车神,0.0,73.0,21767.0,0.23266005453117955,0.0
267,咚咚玩具屋,非-咚咚玩具屋,14.0,1361.0,176356.0,0.032205671374135394,0.0001222536588773621
268,咪咪猫,非-咪咪猫,0.0,2.0,268.0,0.26666666666666666,0.0
269,咪好一家,非-咪好一家,118.8,998.0,26720.0,1.213797526056977,0.010255524861878453
270,咱们裸熊,非-咱们裸熊,0.0,1.0,1839.0,0.07142857142857142,0.0
271,哆啦A梦,非-哆啦A梦,0.0,376.0,21483.0,0.3277105746651635,0.0
272,哈哈熊,非-哈哈熊,0.0,1.0,77.0,1.0,0.0
273,哈婆婆,非-哈婆婆,0.0,1.0,23.0,0.25,0.0
274,哈罗德,非-哈罗德,0.0,4.0,201.0,0.055240534113773554,0.0
275,哈驰魔法蛋,非-哈驰魔法蛋,0.0,0.0,189.0,0.0,0.0
276,哪吒,非-哪吒,0.0,347.0,32708.0,0.22786678137441335,0.0
277,唐老鸭,非-唐老鸭,0.0,0.0,2.0,0.0,0.0
278,啵乐乐,非-啵乐乐,0.0,0.0,888.0,0.0,0.0
279,喜羊羊与灰太狼,非-喜羊羊与灰太狼,0.0,3865.0,326774.0,0.9091789941273443,0.0
280,嗡嗡蜂巴帝,非-嗡嗡蜂巴帝,0.0,1.0,167.0,1.0,0.0
281,嗨，顾得白,非-嗨，顾得白,0.0,1.0,100.0,0.14285714285714285,0.0
282,嘟拉,非-嘟拉,0.0,0.0,17.0,0.0,0.0
283,嘻哈冒险岛,非-嘻哈冒险岛,0.0,4.0,48.0,1.1428571428571428,0.0
284,土豆侠,非-土豆侠,0.0,0.0,183.0,0.0,0.0
285,大力水手,非-大力水手,0.0,15.0,1393.0,0.9956396748849318,0.0
286,大卫,非-大卫,0.0,220.0,19787.0,0.30871208194649125,0.0
287,大头儿子和小头爸爸,非-大头儿子和小头爸爸,0.0,277.0,7566.0,0.5191099080679863,0.0
288,大头儿子小头爸爸,非-大头儿子小头爸爸,0.0,1224.0,89697.0,0.8060972754943819,0.0
289,大眼兔,非-大眼兔,0.0,0.0,27.0,0.0,0.0
290,大鼻孔,非-大鼻孔,0.0,976.0,16144.0,0.9975224131968036,0.0
291,天天练舞功,非-天天练舞功,0.0,53.0,9747.0,0.9585913079627246,0.0
292,天线宝宝,非-天线宝宝,0.0,637.0,92084.0,0.5145642197152498,0.0
293,奇奇和凯迪,非-奇奇和凯迪,0.0,6.0,164.0,0.17142857142857143,0.0
294,奇奇和悦悦,非-奇奇和悦悦,0.0,0.0,262.0,0.0,0.0
295,奇奇和悦悦的玩具,非-奇奇和悦悦的玩具,0.0,1.0,4369.0,0.0022222222222222222,0.0
296,奇妙大冒险,非-奇妙大冒险,0.0,0.0,17.0,0.0,0.0
297,奇妙的动物,非-奇妙的动物,0.0,0.0,256.0,0.0,0.0
298,奇积乐园,非-奇积乐园,0.0,44.0,1510.0,0.05766640523767305,0.0
299,奥特曼,非-奥特曼,141.0,753.0,56240.0,0.9570720829053053,2.4310344827586206
300,奶龙、飞狗moco等,非-奶龙、飞狗moco等,582.0,14018.0,757611.0,0.7810631183954055,0.013054516739123181
301,好奇心公寓,非-好奇心公寓,0.0,1.0,38.0,0.16666666666666666,0.0
302,如果历史是一群喵,非-如果历史是一群喵,0.0,2.0,1140.0,0.03767876787678768,0.0
303,姜子牙,非-姜子牙,0.0,1.0,589.0,0.034482758620689655,0.0
304,孙悟空,非-孙悟空,0.0,85.0,1773.0,0.12006563551594379,0.0
305,宇宙护卫队,非-宇宙护卫队,0.0,222.0,18900.0,0.1565269109500406,0.0
306,宝宝巴士,非-宝宝巴士,7.0,4914.0,1176965.0,0.6484536498628894,7.960515841426525e-05
307,宝宝豆,非-宝宝豆,0.0,0.0,25.0,0.0,0.0
308,小P优优,非-小P优优,0.0,131.0,5587.0,0.7371759722685983,0.0
309,小主人,非-小主人,0.0,0.0,7.0,0.0,0.0
310,小乐比,非-小乐比,0.0,0.0,39.0,0.0,0.0
311,小企鹅啵啵乐,非-小企鹅啵啵乐,0.0,3.0,574.0,0.013657684171801712,0.0
312,小伴龙,非-小伴龙,0.0,49.0,1691.0,1.9344756466856885,0.0
313,小兔班弟,非-小兔班弟,0.0,0.0,10.0,0.0,0.0
314,小公交车太友,非-小公交车太友,0.0,437.0,20025.0,0.47677350886524095,0.0
315,小品一家人,非-小品一家人,0.0,319.0,13267.0,0.14646002793961702,0.0
316,小布点乐园,非-小布点乐园,0.0,1909.0,23306.0,0.5270926365568387,0.0
317,小怪兽茉莉,非-小怪兽茉莉,0.0,0.0,25.0,0.0,0.0
318,小熊嘟拉,非-小熊嘟拉,0.0,14.0,1210.0,0.6464000661307586,0.0
319,小狮子一家,非-小狮子一家,0.0,203.0,4097.0,0.36588840457192706,0.0
320,小狼帕克,非-小狼帕克,0.0,37.0,405.0,1.688082901554404,0.0
321,小猪佩奇,非-小猪佩奇,171.0,1847.0,116784.0,1.8073202440789586,0.003761134938964038
322,小瑞与大魔王,非-小瑞与大魔王,0.0,0.0,7.0,0.0,0.0
323,小花仙,非-小花仙,826.0,848.0,48239.0,0.2600299886400061,0.03116040440621699
324,小鸡彩虹,非-小鸡彩虹,0.0,149.0,5983.0,1.405761933192723,0.0
325,小鹿问问,非-小鹿问问,0.0,2.0,48.0,0.6666666666666666,0.0
326,小鼠乒乓,非-小鼠乒乓,0.0,7.0,160.0,0.6288606130711394,0.0
327,工程车大救援,非-工程车大救援,0.0,327.0,21037.0,0.038661316424451406,0.0
328,工程车探险小队,非-工程车探险小队,5.0,1228.0,73241.0,0.06777990924074745,9.452331890277332e-05
329,巴啦啦小魔仙,非-巴啦啦小魔仙,59.4,2752.0,249396.0,0.8218584674959108,0.000967741935483871
330,巴塔木,非-巴塔木,0.0,153.0,22727.0,0.33154591748590173,0.0
331,巴布,非-巴布,0.0,89.0,3993.0,0.11393542079661081,0.0
332,巴布工程师,非-巴布工程师,0.0,2.0,592.0,0.06555555555555555,0.0
333,布鲁伊,非-布鲁伊,0.0,237.0,16589.0,0.11083450752026806,0.0
334,布鲁克,非-布鲁克,0.0,1105.0,16525.0,0.26975800960727037,0.0
335,布鲁托,非-布鲁托,0.0,0.0,120.0,0.0,0.0
336,帮帮龙,非-帮帮龙,0.0,429.0,33437.0,0.37155236484300064,0.0
337,幸福森巴岛,非-幸福森巴岛,0.0,0.0,51.0,0.0,0.0
338,开心变色龙,非-开心变色龙,0.0,0.0,30.0,0.0,0.0
339,开心宝贝,非-开心宝贝,0.0,785.0,32768.0,0.261257215953415,0.0
340,开心超人,非-开心超人,0.0,509.0,14442.0,0.2114659026862126,0.0
341,开心锤锤,非-开心锤锤,0.0,0.0,706.0,0.0,0.0
342,彩虹宝宝,非-彩虹宝宝,435.4,1533.0,176814.0,0.7447899095645053,0.02160710450398852
343,彼得潘,非-彼得潘,0.0,5.0,299.0,0.1251552795031056,0.0
344,心奇,非-心奇,672.0,3331.0,45532.0,0.2949936716865078,0.014987956106699974
345,心奇爆龙战车,非-心奇爆龙战车,392.0,3752.0,119692.0,0.5334099940545965,0.058394160583941604
346,忍者龟,非-忍者龟,0.0,31.0,2352.0,0.05923488211219416,0.0
347,快乐可可狮,非-快乐可可狮,0.0,2.0,795.0,0.008872525350072429,0.0
348,快乐星猫,非-快乐星猫,0.0,2.0,251.0,0.017543859649122806,0.0
349,怪物卡车,非-怪物卡车,0.0,5.0,216.0,1.0283687943262412,0.0
350,恐龙TV,非-恐龙TV,0.0,0.0,6.0,0.0,0.0
351,愤怒的小鸟,非-愤怒的小鸟,0.0,0.0,3908.0,0.0,0.0
352,憨豆先生,非-憨豆先生,0.0,1234.0,91522.0,1.0560693049425454,0.0
353,托宝兄弟,非-托宝兄弟,0.0,28.0,569.0,0.09251088534107402,0.0
354,托马斯,非-托马斯,0.0,67.0,2389.0,0.05463918104367542,0.0
355,托马斯小火车,非-托马斯小火车,0.0,50.0,2010.0,0.3136500102666102,0.0
356,拇指总动员,非-拇指总动员,0.0,0.0,2.0,0.0,0.0
357,指令宝贝,非-指令宝贝,0.0,2.0,335.0,0.07857142857142857,0.0
358,摩尔庄园,非-摩尔庄园,0.0,2.0,191.0,0.11764705882352941,0.0
359,斯坦,非-斯坦,0.0,6.0,86.0,0.3909313725490196,0.0
360,斯拉格精灵,非-斯拉格精灵,0.0,0.0,731.0,0.0,0.0
361,方块熊,非-方块熊,0.0,263.0,14123.0,0.10488108227536386,0.0
362,星星牧场,非-星星牧场,0.0,0.0,31.0,0.0,0.0
363,星际特工队,非-星际特工队,0.0,0.0,101.0,0.0,0.0
364,智取威虎山,非-智取威虎山,0.0,0.0,106.0,0.0,0.0
365,木木熊,非-木木熊,0.0,1.0,3.0,1.0,0.0
366,朵拉,非-朵拉,0.0,3.0,32.0,1.0869565217391304,0.0
367,果宝特攻,非-果宝特攻,0.0,46.0,5492.0,0.13020098840211006,0.0
368,校园搞怪王,非-校园搞怪王,0.0,1.0,206.0,0.0625,0.0
369,格林童话,非-格林童话,0.0,0.0,11.0,0.0,0.0
370,植物大战僵尸,非-植物大战僵尸,0.0,460.0,15516.0,0.1440452272987049,0.0
371,樱桃来了,非-樱桃来了,0.0,0.0,15.0,0.0,0.0
372,水木,非-水木,0.0,0.0,6.0,0.0,0.0
373,水木儿童成长剧场,非-水木儿童成长剧场,0.0,0.0,2.0,0.0,0.0
374,水木宝宝看世界,非-水木宝宝看世界,0.0,1.0,38.0,0.2,0.0
375,水木幼教,非-水木幼教,0.0,0.0,25.0,0.0,0.0
376,汤姆与杰利,非-汤姆与杰利,95.0,2104.0,38815.0,0.6336859712767903,0.0024915418710168115
377,汤姆猫,非-汤姆猫,621.0,2532.0,50643.0,0.24146816725159,0.015099202489787978
378,汪汪队,非-汪汪队,44.0,2099.0,210286.0,2.4024579698019215,0.002511989038593286
379,汽车世界,非-汽车世界,228.0,2112.0,227163.0,1.1709694723917456,0.003309479918133918
380,汽车和金刚朋友们的冒险,非-汽车和金刚朋友们的冒险,0.0,1416.0,20276.0,0.5404310044083869,0.0
381,汽车城,非-汽车城,0.0,135.0,14543.0,0.28376143677469823,0.0
382,汽车小镇,非-汽车小镇,0.0,38.0,2176.0,0.7594882151015481,0.0
383,沃土,非-沃土,0.0,0.0,18.0,0.0,0.0
384,泰迪熊,非-泰迪熊,0.0,1.0,40.0,0.25,0.0
385,洛克人,非-洛克人,0.0,207.0,9850.0,1.1482764621121364,0.0
386,派乐萌奇,非-派乐萌奇,0.0,0.0,3.0,0.0,0.0
387,济公,非-济公,0.0,0.0,49.0,0.0,0.0
388,海底小纵队,非-海底小纵队,0.0,336.0,45759.0,0.19648674287273726,0.0
389,海绵宝宝,非-海绵宝宝,0.0,1706.0,167324.0,0.5847263358958033,0.0
390,涂涂,非-涂涂,0.0,4195.0,47943.0,0.27217063818884957,0.0
391,游戏人生ZERO,非-游戏人生ZERO,0.0,0.0,48.0,0.0,0.0
392,潜艇总动员,非-潜艇总动员,0.0,6.0,363.0,1.228391865172771,0.0
393,火力少年王,非-火力少年王,0.0,0.0,41.0,0.0,0.0
394,火火兔,非-火火兔,0.0,221.0,5852.0,2.5693119489646064,0.0
395,火车小镇,非-火车小镇,0.0,8.0,386.0,0.38213636096931286,0.0
396,灰姑娘,非-灰姑娘,0.0,70.0,2014.0,0.07827879395079948,0.0
397,熊出没,非-熊出没,0.0,3729.0,635846.0,0.5809706343425424,0.0
398,熊出没、萌鸡小队,非-熊出没、萌鸡小队,0.0,542.0,27787.0,0.19333374460525893,0.0
399,熊小米,非-熊小米,0.0,0.0,198.0,0.0,0.0
400,爆笑哈哈镇,非-爆笑哈哈镇,0.0,58.0,2710.0,0.47128821364153145,0.0
401,爆笑虫子,非-爆笑虫子,128.7,1558.0,183721.0,0.2948579255208353,0.003276476578411405
402,爆裂兄弟,非-爆裂兄弟,0.0,355.0,3421.0,0.7067811557959506,0.0
403,爆裂飞车,非-爆裂飞车,0.0,1466.0,33250.0,0.47870017970842815,0.0
404,爱丽丝梦游仙境,非-爱丽丝梦游仙境,0.0,4.0,3580.0,0.08903013182674199,0.0
405,爱吃鬼乔达,非-爱吃鬼乔达,0.0,0.0,410.0,0.0,0.0
406,爱心小熊,非-爱心小熊,0.0,0.0,110.0,0.0,0.0
407,爱探险的朵拉,非-爱探险的朵拉,0.0,515.0,31719.0,1.0804362133886392,0.0
408,特工宾奇,非-特工宾奇,0.0,13.0,418.0,0.149238247089243,0.0
409,狮子王,非-狮子王,0.0,123.0,7725.0,0.2086957746175654,0.0
410,猪八戒,非-猪八戒,0.0,9.0,1575.0,0.01870390261367705,0.0
411,猪小屁,非-猪小屁,0.0,50.0,3205.0,0.015625,0.0
412,猪屁登,非-猪屁登,0.0,71.0,3372.0,0.16296315427809493,0.0
413,猪猪侠,非-猪猪侠,0.0,850.0,63519.0,1.25811322336995,0.0
414,猫和老鼠,非-猫和老鼠,308.0,3724.0,131639.0,0.6550651087743359,0.002563761070786442
415,猫小帅,非-猫小帅,0.0,125.0,1666.0,0.4816176156242088,0.0
416,玩具口袋,非-玩具口袋,0.0,22.0,315.0,0.2453314659197012,0.0
417,玩具欢乐秀,非-玩具欢乐秀,0.0,1262.0,15759.0,0.820500701503539,0.0
418,瑞奇冲冲冲,非-瑞奇冲冲冲,0.0,74.0,5875.0,0.14490027038230416,0.0
419,瑞奇宝宝,非-瑞奇宝宝,0.0,602.0,23861.0,1.0022862629171325,0.0
420,甜甜圈宝贝,非-甜甜圈宝贝,0.0,1.0,17.0,0.1111111111111111,0.0
421,疯狂小糖,非-疯狂小糖,0.0,131.0,2942.0,0.9247734861124819,0.0
422,疯狂的兔子,非-疯狂的兔子,0.0,72.0,6287.0,0.3017392500873606,0.0
423,白雪公主,非-白雪公主,0.0,30.0,1348.0,0.03859988790951241,0.0
424,白雪玩具屋,非-白雪玩具屋,0.0,53.0,2962.0,0.8425992276362848,0.0
425,百变小樱,非-百变小樱,0.0,1.0,189.0,0.25,0.0
426,百变布鲁可,非-百变布鲁可,0.0,2657.0,78675.0,1.0506010129220429,0.0
427,百变校巴,非-百变校巴,0.0,1079.0,63614.0,0.29780218584831414,0.0
428,百变马丁,非-百变马丁,0.0,30.0,2332.0,0.35038546455588077,0.0
429,皮卡丘,非-皮卡丘,0.0,318.0,12610.0,0.19726128628400574,0.0
430,益智宝贝,非-益智宝贝,6.0,977.0,161204.0,0.5006007976748472,6.677350427350428e-05
431,盟卡车神,非-盟卡车神,0.0,368.0,22525.0,0.07038977666535272,0.0
432,睡衣小英雄,非-睡衣小英雄,0.0,1411.0,88278.0,1.4714012206913019,0.0
433,知知鸟,非-知知鸟,0.0,59.0,6867.0,0.871394082465959,0.0
434,碰碰狐,非-碰碰狐,0.0,2121.0,139483.0,1.046384536957653,0.0
435,神兽金刚,非-神兽金刚,0.0,408.0,16487.0,0.32557567592510234,0.0
436,神秘世界历险记,非-神秘世界历险记,0.0,3.0,335.0,0.17908902691511386,0.0
437,神秘黄金城,非-神秘黄金城,0.0,0.0,1.0,0.0,0.0
438,福锅囍眉,非-福锅囍眉,0.0,0.0,15.0,0.0,0.0
439,米卡,非-米卡,0.0,0.0,8.0,0.0,0.0
440,米奇,非-米奇,0.0,3.0,501.0,1.0714285714285714,0.0
441,米菲,非-米菲,0.0,0.0,67.0,0.0,0.0
442,精灵梦叶罗丽,非-精灵梦叶罗丽,0.0,1377.0,191164.0,0.21690440274602987,0.0
443,纯纯贝贝,非-纯纯贝贝,0.0,0.0,4.0,0.0,0.0
444,网球王子,非-网球王子,0.0,2.0,560.0,0.013986013986013986,0.0
445,肥志,非-肥志,0.0,0.0,130.0,0.0,0.0
446,舒克贝塔,非-舒克贝塔,0.0,317.0,26288.0,2.061184950984824,0.0
447,艾利亚斯,非-艾利亚斯,0.0,6.0,198.0,0.3259968102073365,0.0
448,艾米咕噜,非-艾米咕噜,0.0,7.0,150.0,0.6964035964035964,0.0
449,芭比,非-芭比,0.0,641.0,130761.0,0.626240895334334,0.0
450,花园宝宝,非-花园宝宝,139.26,118.0,19560.0,0.11846766508725019,0.022324462968900286
451,花样卡通画,非-花样卡通画,0.0,373.0,6689.0,0.3588338024707797,0.0
452,茁贝儿歌,非-茁贝儿歌,0.0,1113.0,210687.0,0.5339257018501358,0.0
453,茁贝车,非-茁贝车,0.0,273.0,4797.0,0.24606125329826545,0.0
454,菲利克斯,非-菲利克斯,0.0,0.0,19.0,0.0,0.0
455,菲梦少女,非-菲梦少女,0.0,2.0,19378.0,0.0018468561942311683,0.0
456,萌浪兔,非-萌浪兔,0.0,29.0,551.0,2.6505336264792225,0.0
457,萌牙兔,非-萌牙兔,0.0,15.0,420.0,0.4810986401196057,0.0
458,萌鸡小队,非-萌鸡小队,490.0,2016.0,274030.0,1.1792781142892168,0.06995260100985123
459,葫芦娃,非-葫芦娃,0.0,579.0,9332.0,0.6219175072704505,0.0
460,蔬菜不寂寞,非-蔬菜不寂寞,0.0,0.0,4.0,0.0,0.0
461,薇伊宝贝手工,非-薇伊宝贝手工,0.0,0.0,32.0,0.0,0.0
462,薇薇,非-薇薇,0.0,0.0,29.0,0.0,0.0
463,虹猫蓝兔,非-虹猫蓝兔,0.0,9.0,1918.0,0.08310528690373652,0.0
464,蛋计划,非-蛋计划,0.0,2.0,804.0,0.015873015873015872,0.0
465,蜡笔小新,非-蜡笔小新,3.0,403.0,44050.0,0.2602040312839332,0.00018013690404707576
466,螺丝钉,非-螺丝钉,0.0,195.0,13514.0,0.44012846866469724,0.0
467,西游记,非-西游记,392.0,560.0,83745.0,0.41706031077482963,0.01626488527446994
468,贝乐虎,非-贝乐虎,708.0,4233.0,585486.0,0.46052648734060286,0.0017530914331274855
469,贝瓦,非-贝瓦,0.0,19.0,6957.0,0.04043951644547769,0.0
470,贝肯熊,非-贝肯熊,0.0,1136.0,77906.0,1.1005469425175807,0.0
471,贝蒂娃娃,非-贝蒂娃娃,0.0,6.0,812.0,0.7104402557777844,0.0
472,赛尔号,非-赛尔号,0.0,42.0,3051.0,1.279797386410136,0.0
473,起司公主,非-起司公主,0.0,58.0,10710.0,0.27688987839782425,0.0
474,超级宝贝JoJo,非-超级宝贝JoJo,1021.0,7666.0,989773.0,0.47228730694669935,0.003653827045360287
475,超级飞侠,非-超级飞侠,0.0,1265.0,167540.0,0.27162162788420235,0.0
476,超能玩具白白侠,非-超能玩具白白侠,0.0,0.0,130.0,0.0,0.0
477,超迷你战士,非-超迷你战士,0.0,159.0,16923.0,0.26424478805124446,0.0
478,趣盒子,非-趣盒子,13.0,3964.0,77291.0,0.7081444288608146,0.0007077526132404182
479,跟着玩具去学习,非-跟着玩具去学习,0.0,0.0,101.0,0.0,0.0
480,跳跳鱼世界,非-跳跳鱼世界,0.0,113.0,3137.0,0.5052159822723983,0.0
481,达菲鸭,非-达菲鸭,0.0,0.0,6.0,0.0,0.0
482,迷你小洞,非-迷你小洞,0.0,256.0,57908.0,0.5194192611766802,0.0
483,迷你特工队,非-迷你特工队,292.0,2533.0,112972.0,0.37571352706601646,0.2069454287739192
484,逗逗虎,非-逗逗虎,0.0,0.0,31.0,0.0,0.0
485,逗逗迪迪,非-逗逗迪迪,0.0,89.0,2016.0,2.2290442143260027,0.0
486,道奇,非-道奇,0.0,352.0,15633.0,0.45538911511036007,0.0
487,酷宝家族,非-酷宝家族,0.0,0.0,5.0,0.0,0.0
488,金刚山猫侠,非-金刚山猫侠,0.0,1.0,11.0,0.16666666666666666,0.0
489,金杰猫,非-金杰猫,19.8,1082.0,14888.0,0.3863134230801489,0.002386980108499096
490,钟馗,非-钟馗,0.0,0.0,11.0,0.0,0.0
491,钢铁飞龙,非-钢铁飞龙,0.0,619.0,34207.0,0.5097362040084183,0.0
492,阿U,非-阿U,0.0,74.0,2848.0,0.5116717912892006,0.0
493,阿古顿巴,非-阿古顿巴,0.0,1.0,22.0,0.25,0.0
494,阿狸,非-阿狸,0.0,1.0,2092.0,0.14285714285714285,0.0
495,阿衰,非-阿衰,0.0,71.0,5292.0,0.4804066053686193,0.0
496,阿贡,非-阿贡,0.0,146.0,27490.0,0.3429851573143537,0.0
497,阿里巴巴,非-阿里巴巴,0.0,4.0,321.0,0.3897474089244709,0.0
498,零捌学糖,非-零捌学糖,0.0,0.0,16.0,0.0,0.0
499,飞天小女警,非-飞天小女警,0.0,29.0,5753.0,0.08300245544825752,0.0
500,飞狗moco,非-飞狗moco,0.0,906.0,72398.0,0.1615200362838203,0.0
501,魔仙俏娇娃,非-魔仙俏娇娃,0.0,132.0,14484.0,0.3661959505473439,0.0
502,魔幻陀螺,非-魔幻陀螺,0.0,289.0,11630.0,0.8488438910602134,0.0
503,魔晶猎人,非-魔晶猎人,0.0,2.0,27.0,0.1111111111111111,0.0
504,鸟宝宝啾啾啾,非-鸟宝宝啾啾啾,0.0,0.0,18.0,0.0,0.0
505,麦咭,非-麦咭,0.0,0.0,16.0,0.0,0.0
506,麦圈可可,非-麦圈可可,0.0,0.0,3.0,0.0,0.0
507,鼠来宝,非-鼠来宝,0.0,3.0,195.0,0.1972027972027972,0.0
508,龟兔赛跑,非-龟兔赛跑,0.0,1.0,66.0,0.058823529411764705,0.0
